{"FANG": {"FB": 0.25, "AAPL": 0.25, "NFLX": 0.25, "GOOGL": 0.25}, "sp100_by_mkt_cap": {"MSFT": 0.06219341699636989, "AAPL": 0.053534796014617324, "AMZN": 0.04948387830829946, "FB": 0.02804625425965009, "BRK.B": 0.025017836528528892, "JNJ": 0.023142222910181417, "JPM": 0.022914756094688793, "GOOG": 0.022784301177040497, "GOOGL": 0.02229438656952449, "XOM": 0.02034195050487349, "V": 0.018141948641231812, "PG": 0.0170036797273269, "BAC": 0.016146947362466028, "CSCO": 0.015479911405248847, "DIS": 0.015004924024786913, "VZ": 0.014907022524522187, "PFE": 0.014534972698704835, "T": 0.014482290141808954, "CVX": 0.014431507413810864, "MA": 0.014376789325953068, "UNH": 0.014285160276652475, "HD": 0.013663207560740015, "INTC": 0.012873331079472822, "MRK": 0.012842149760737656, "CMCSA": 0.012253323426479527, "KO": 0.011979235412955399, "WFC": 0.011816332623973407, "BA": 0.011688591747607667, "PEP": 0.011505001932849729, "NFLX": 0.009850446976966621, "C": 0.009755229361970204, "MCD": 0.009633022114219458, "WMT": 0.009056092327583212, "ORCL": 0.008742258687276731, "ADBE": 0.008682956885252835, "ABT": 0.008447800286126291, "PYPL": 0.008399384805246877, "PM": 0.008346641936322499, "UNP": 0.007971094012852068, "HON": 0.00781766021234478, "CRM": 0.007613368293803771, "IBM": 0.007591459949450677, "MDT": 0.00741979683832887, "AVGO": 0.007392023149204025, "ABBV": 0.007362364709188514, "ACN": 0.0071316410441568156, "UTX": 0.006883622904952372, "COST": 0.006844887504647416, "TMO": 0.00674918739342299, "NKE": 0.00666084534967572, "AMGN": 0.006638469587101741, "LIN": 0.006492680336206989, "TXN": 0.006434675242795869, "LLY": 0.0063379799831011704, "QCOM": 0.006301400737815136, "MMM": 0.0062114302692983315, "SBUX": 0.006161054647492626, "MO": 0.006123661189821825, "NVDA": 0.00609988317258519, "NEE": 0.005918238420746419, "AMT": 0.005595493678228873, "GE": 0.005537126712646746, "LOW": 0.005470979495387952, "GILD": 0.00529320979138039, "LMT": 0.005245774380964123, "DHR": 0.005218649046145666, "AXP": 0.005203269478877837, "BKNG": 0.005096939372630056, "USB": 0.0048650697790568334, "BMY": 0.004830782390853848, "MDLZ": 0.004812643548282084, "CAT": 0.004574893531929985, "COP": 0.0044566970340745755, "UPS": 0.004427536168294201, "ADP": 0.00441867030010451, "DWDP": 0.004360227944486757, "GS": 0.004302509333211019, "ANTM": 0.0042598536510534794, "CVS": 0.004259597324932349, "CELG": 0.004212312694587335, "CB": 0.004189680605892225, "CHTR": 0.004163550419544039, "CME": 0.004106495240581816, "TJX": 0.004100705285845691, "INTU": 0.004032190821468222, "DUK": 0.00393718429857156, "CL": 0.003922543553652871, "BDX": 0.0038172085958753615, "CSX": 0.0038050557221323508, "D": 0.0037813078609099664, "PNC": 0.0037336915144081956, "CI": 0.0036701226363678326, "MS": 0.00361522361242453, "SYK": 0.003605332439750318, "ISRG": 0.003535325252667442, "SO": 0.0035118186395590623, "SLB": 0.003468846319251891, "EOG": 0.0034664941501403404, "NSC": 0.0034459277484213996, "BLK": 0.003407674844344454}, "banks": {"JPM": 0.166667, "BAC": 0.166667, "WFC": 0.166667, "C": 0.166667, "GS": 0.166667, "MS": 0.166667}, "RetailAndTech": {"MSFT": 0.09090909090909091, "FB": 0.09090909090909091, "GOOG": 0.09090909090909091, "NFLX": 0.09090909090909091, "AMZN": 0.09090909090909091, "TGT": 0.09090909090909091, "COST": 0.09090909090909091, "NKE": 0.09090909090909091, "WMT": 0.09090909090909091, "MCD": 0.09090909090909091, "SBUX": 0.09090909090909091}, "Pharma_Energy": {"JNJ": 0.05263157894736842, "XOM": 0.05263157894736842, "PFE": 0.05263157894736842, "CVX": 0.05263157894736842, "MRK": 0.05263157894736842, "ABT": 0.05263157894736842, "ABBV": 0.05263157894736842, "LLY": 0.05263157894736842, "BMY": 0.05263157894736842, "COP": 0.05263157894736842, "DUK": 0.05263157894736842, "D": 0.05263157894736842, "SYK": 0.05263157894736842, "SLB": 0.05263157894736842, "EOG": 0.05263157894736842, "BIIB": 0.05263157894736842, "VLO": 0.05263157894736842, "REGN": 0.05263157894736842, "HAL": 0.05263157894736842}, "Blue_Chip_optimized": {"MSFT": 0.059059284667481476, "AAPL": 0.3690499157560955, "INTC": 0.20973566708791036, "IBM": 0.0, "HPE": 0.0, "XRX": 0.19557648317903203, "MCD": 0.0, "NKE": 0.0, "SBUX": 0.006387153729284083, "F": 0.04846262556000561, "T": 4.47911022508074e-17, "GS": 0.11172887002019102, "PFE": 7.823873927198521e-17, "XOM": 1.0042422622646985e-17, "HAL": 0.0, "KO": 4.1809546276472265e-17, "WMT": 0.0, "GE": 0.0, "DOW": 0.0}, "CS50-portfolio": {"MSFT": 0.009802578547119363, "AAPL": 0.07625736240306333, "CRM": 0.09433612133730677, "AMZN": 0.4468679478360117, "MCD": 0.0, "NKE": 1.227316859253591e-16, "GM": 2.635494761486385e-17, "MAR": 0.025705927837984546, "TGT": 0.0, "VFC": 1.2990080563545281e-17, "CMG": 0.0, "GPC": 0.0, "MGM": 0.15120406352808388, "HAS": 0.0, "KSS": 0.0, "TPR": 0.050252437641361225, "T": 3.507478384051703e-17, "AIG": 0.10146874247615775, "MSCI": 0.04410481839291138, "XOM": 6.537739100087592e-17}, "Tech": {"MSFT": 0.07341162818643289, "AMZN": 0.40688488242739684, "FB": 0.06277504808693679, "GOOGL": 0.06680901045455377, "NFLX": 0.39011943084467976}, "Barbell_Strategy": {"GOOGL": 0.0625, "NFLX": 0.0625, "MCD": 0.0625, "TGT": 0.0625, "PG": 0.0625, "KO": 0.0625, "WMT": 0.0625, "CL": 0.0625, "KR": 0.0625, "CLX": 0.0625, "CAG": 0.0625, "PFE": 0.0625, "MSFT": 0.0625, "AAPL": 0.0625, "CRM": 0.0625, "NVDA": 0.0625}}